Case_Study,Solver,Method,Num_Rep_Periods,Seed,Time_To_Build_Model,Objective_Function_Value,Num_Variables,Num_Constraints,Num_Constraints_Excluding_Bounds,Solve_Time
Asset-to-asset,Gurobi.Optimizer,Barrier,672,83572,0.4504532,248000000,21516,47054,29568,0.311000109
Asset-to-asset,Gurobi.Optimizer,Barrier,672,17154,0.7143855,248000000,21516,47054,29568,0.34800005
Asset-to-asset,Gurobi.Optimizer,Barrier,672,39567,0.7463619,248000000,21516,47054,29568,0.31099987
Asset-to-asset,Gurobi.Optimizer,Barrier,672,67595,0.3949859,248000000,21516,47054,29568,0.316999912
Asset-to-asset,Gurobi.Optimizer,Barrier,672,37763,0.3927407,248000000,21516,47054,29568,0.326999903
Asset-to-asset,Gurobi.Optimizer,Barrier,672,3605,0.7076529,248000000,21516,47054,29568,0.296999931
Asset-to-asset,Gurobi.Optimizer,Barrier,672,8,0.4046822,248000000,21516,47054,29568,0.332000017
Asset-to-asset,Gurobi.Optimizer,Barrier,672,19545,0.4251497,248000000,21516,47054,29568,0.30700016
Asset-to-asset,Gurobi.Optimizer,Barrier,672,42849,0.6843294,248000000,21516,47054,29568,0.311000109
Asset-to-asset,Gurobi.Optimizer,Barrier,672,36965,0.6643799,248000000,21516,47054,29568,0.350000143
Asset-to-asset,Gurobi.Optimizer,Barrier,4380,83572,3.5292669,355000000,129036,282254,177408,6.199999809
Asset-to-asset,Gurobi.Optimizer,Barrier,4380,17154,2.7559772,355000000,129036,282254,177408,5.780999899
Asset-to-asset,Gurobi.Optimizer,Barrier,4380,39567,3.8980408,355000000,129036,282254,177408,5.652999878
Asset-to-asset,Gurobi.Optimizer,Barrier,4380,67595,3.3033231,355000000,129036,282254,177408,5.190999985
Asset-to-asset,Gurobi.Optimizer,Barrier,4380,37763,3.8263161,355000000,129036,282254,177408,6.029999971
Asset-to-asset,Gurobi.Optimizer,Barrier,4380,3605,3.4899375,355000000,129036,282254,177408,5.930999994
Asset-to-asset,Gurobi.Optimizer,Barrier,4380,8,3.3937332,355000000,129036,282254,177408,5.741999865
Asset-to-asset,Gurobi.Optimizer,Barrier,4380,19545,3.4370043,355000000,129036,282254,177408,5.855999947
Asset-to-asset,Gurobi.Optimizer,Barrier,4380,42849,3.0285622,355000000,129036,282254,177408,5.463999987
Asset-to-asset,Gurobi.Optimizer,Barrier,4380,36965,3.4872866,355000000,129036,282254,177408,5.906999826
Asset-to-asset,Gurobi.Optimizer,Barrier,8760,83572,7.2053231,610000000,280332,613214,385440,18.96099997
Asset-to-asset,Gurobi.Optimizer,Barrier,8760,17154,7.6139571,610000000,280332,613214,385440,16.60300016
Asset-to-asset,Gurobi.Optimizer,Barrier,8760,39567,7.3672458,610000000,280332,613214,385440,31.53800011
Asset-to-asset,Gurobi.Optimizer,Barrier,8760,67595,7.4841191,610000000,280332,613214,385440,19.49600005
Asset-to-asset,Gurobi.Optimizer,Barrier,8760,37763,7.4373938,610000000,280332,613214,385440,18.78000021
Asset-to-asset,Gurobi.Optimizer,Barrier,8760,3605,7.9654833,610000000,280332,613214,385440,23.41600013
Asset-to-asset,Gurobi.Optimizer,Barrier,8760,8,8.161875,610000000,280332,613214,385440,16.30299997
Asset-to-asset,Gurobi.Optimizer,Barrier,8760,19545,6.9750046,610000000,280332,613214,385440,23.52399993
Asset-to-asset,Gurobi.Optimizer,Barrier,8760,42849,8.5003737,610000000,280332,613214,385440,14.10599995
Asset-to-asset,Gurobi.Optimizer,Barrier,8760,36965,7.8092076,610000000,280332,613214,385440,23.12599993
Asset-to-asset,Gurobi.Optimizer,Barrier,17520,83572,16.8214839,1050000000,560652,1226414,770880,124.5038641
Asset-to-asset,Gurobi.Optimizer,Barrier,17520,17154,15.8795969,1050000000,560652,1226414,770880,159.4504745
Asset-to-asset,Gurobi.Optimizer,Barrier,17520,39567,14.7217327,1050000000,560652,1226414,770880,152.914743
Asset-to-asset,Gurobi.Optimizer,Barrier,17520,67595,14.9410583,1050000000,560652,1226414,770880,123.219453
Asset-to-asset,Gurobi.Optimizer,Barrier,17520,37763,16.8144125,1050000000,560652,1226414,770880,123.9756432
Asset-to-asset,Gurobi.Optimizer,Barrier,17520,3605,15.8882467,1050000000,560652,1226414,770880,70.69265738
Asset-to-asset,Gurobi.Optimizer,Barrier,17520,8,16.2087187,1050000000,560652,1226414,770880,145.6876905
Asset-to-asset,Gurobi.Optimizer,Barrier,17520,19545,16.2953603,1050000000,560652,1226414,770880,117.8717554
Asset-to-asset,Gurobi.Optimizer,Barrier,17520,42849,16.0562338,1050000000,560652,1226414,770880,107.9115451
Asset-to-asset,Gurobi.Optimizer,Barrier,17520,36965,16.0735879,1050000000,560652,1226414,770880,115.1979065
Asset-to-asset,Gurobi.Optimizer,Barrier,26280,83572,27.7835006,1480000000,840972,1839614,1156320,188.2509999
Asset-to-asset,Gurobi.Optimizer,Barrier,26280,17154,34.241604,1480000000,840972,1839614,1156320,184.8339999
Asset-to-asset,Gurobi.Optimizer,Barrier,26280,39567,32.8625787,1480000000,840972,1839614,1156320,220.223
Asset-to-asset,Gurobi.Optimizer,Barrier,26280,67595,26.7611927,1480000000,840972,1839614,1156320,153.3440001
Asset-to-asset,Gurobi.Optimizer,Barrier,26280,37763,35.2686538,1480000000,840972,1839614,1156320,180.7709999
Asset-to-asset,Gurobi.Optimizer,Barrier,26280,3605,34.9171732,1480000000,840972,1839614,1156320,143.8709998
Asset-to-asset,Gurobi.Optimizer,Barrier,26280,8,31.9814788,1480000000,840972,1839614,1156320,205.721
Asset-to-asset,Gurobi.Optimizer,Barrier,26280,19545,33.3641987,1480000000,840972,1839614,1156320,146.7030001
Asset-to-asset,Gurobi.Optimizer,Barrier,26280,42849,32.6556125,1480000000,840972,1839614,1156320,113.22
Asset-to-asset,Gurobi.Optimizer,Barrier,26280,36965,33.5498238,1480000000,840972,1839614,1156320,148.5480001
Asset-to-asset,Gurobi.Optimizer,Barrier,35040,83572,74.6605822,1890000000,1121292,2452814,1541760,135.931
Asset-to-asset,Gurobi.Optimizer,Barrier,35040,17154,63.776843,1890000000,1121292,2452814,1541760,128.2349999
Asset-to-asset,Gurobi.Optimizer,Barrier,35040,39567,64.085827,1890000000,1121292,2452814,1541760,142.7069998
Asset-to-asset,Gurobi.Optimizer,Barrier,35040,67595,66.5015301,1890000000,1121292,2452814,1541760,140.1170001
Asset-to-asset,Gurobi.Optimizer,Barrier,35040,37763,65.6268667,1890000000,1121292,2452814,1541760,131.273
Asset-to-asset,Gurobi.Optimizer,Barrier,35040,3605,64.7406411,1890000000,1121292,2452814,1541760,143.984
Asset-to-asset,Gurobi.Optimizer,Barrier,35040,8,65.0850766,1890000000,1121292,2452814,1541760,137.8559999
Asset-to-asset,Gurobi.Optimizer,Barrier,35040,19545,68.4525636,1890000000,1121292,2452814,1541760,146.1269999
Asset-to-asset,Gurobi.Optimizer,Barrier,35040,42849,65.504817,1890000000,1121292,2452814,1541760,114.1200001
Asset-to-asset,Gurobi.Optimizer,Barrier,35040,36965,65.3934312,1890000000,1121292,2452814,1541760,129.76
Nodes-1flow,Gurobi.Optimizer,Barrier,672,83572,0.5300211,248000000,24876,55790,37632,0.669000149
Nodes-1flow,Gurobi.Optimizer,Barrier,672,17154,0.5053526,248000000,24876,55790,37632,0.370000124
Nodes-1flow,Gurobi.Optimizer,Barrier,672,39567,0.4840508,248000000,24876,55790,37632,0.379999876
Nodes-1flow,Gurobi.Optimizer,Barrier,672,67595,0.7662655,248000000,24876,55790,37632,0.373999834
Nodes-1flow,Gurobi.Optimizer,Barrier,672,37763,0.8307229,248000000,24876,55790,37632,0.405999899
Nodes-1flow,Gurobi.Optimizer,Barrier,672,3605,0.4727435,248000000,24876,55790,37632,0.380000114
Nodes-1flow,Gurobi.Optimizer,Barrier,672,8,0.8132915,248000000,24876,55790,37632,0.368000031
Nodes-1flow,Gurobi.Optimizer,Barrier,672,19545,0.4811966,248000000,24876,55790,37632,0.358999968
Nodes-1flow,Gurobi.Optimizer,Barrier,672,42849,0.5473668,248000000,24876,55790,37632,0.390000105
Nodes-1flow,Gurobi.Optimizer,Barrier,672,36965,0.7790887,248000000,24876,55790,37632,0.359999895
Nodes-1flow,Gurobi.Optimizer,Barrier,4380,83572,4.7145047,355000000,149196,334670,225792,6.252000093
Nodes-1flow,Gurobi.Optimizer,Barrier,4380,17154,3.6309544,355000000,149196,334670,225792,6.332999945
Nodes-1flow,Gurobi.Optimizer,Barrier,4380,39567,4.8611184,355000000,149196,334670,225792,6.888999939
Nodes-1flow,Gurobi.Optimizer,Barrier,4380,67595,4.3682639,355000000,149196,334670,225792,6.680999994
Nodes-1flow,Gurobi.Optimizer,Barrier,4380,37763,4.4030891,355000000,149196,334670,225792,6.468999863
Nodes-1flow,Gurobi.Optimizer,Barrier,4380,3605,4.525782,355000000,149196,334670,225792,34.93299985
Nodes-1flow,Gurobi.Optimizer,Barrier,4380,8,4.0104329,355000000,149196,334670,225792,6.390000105
Nodes-1flow,Gurobi.Optimizer,Barrier,4380,19545,4.237144,355000000,149196,334670,225792,6.309999943
Nodes-1flow,Gurobi.Optimizer,Barrier,4380,42849,4.067846,355000000,149196,334670,225792,6.396000147
Nodes-1flow,Gurobi.Optimizer,Barrier,4380,36965,4.3011392,355000000,149196,334670,225792,6.312999964
Nodes-1flow,Gurobi.Optimizer,Barrier,8760,83572,8.9685386,610000000,324132,727094,490560,23.76699996
Nodes-1flow,Gurobi.Optimizer,Barrier,8760,17154,9.6750562,610000000,324132,727094,490560,43.10300016
Nodes-1flow,Gurobi.Optimizer,Barrier,8760,39567,8.8863446,610000000,324132,727094,490560,156.4689999
Nodes-1flow,Gurobi.Optimizer,Barrier,8760,67595,9.2173239,610000000,324132,727094,490560,24.9059999
Nodes-1flow,Gurobi.Optimizer,Barrier,8760,37763,8.7561448,610000000,324132,727094,490560,69.49099994
Nodes-1flow,Gurobi.Optimizer,Barrier,8760,3605,9.0086772,610000000,324132,727094,490560,21.15799999
Nodes-1flow,Gurobi.Optimizer,Barrier,8760,8,9.1169728,610000000,324132,727094,490560,80.07399988
Nodes-1flow,Gurobi.Optimizer,Barrier,8760,19545,9.064825,610000000,324132,727094,490560,56.0710001
Nodes-1flow,Gurobi.Optimizer,Barrier,8760,42849,9.1273195,610000000,324132,727094,490560,22.57800007
Nodes-1flow,Gurobi.Optimizer,Barrier,8760,36965,9.2223921,610000000,324132,727094,490560,22.04699993
Nodes-1flow,Gurobi.Optimizer,Barrier,17520,83572,19.1319536,1050000000,648252,1454174,981120,171.451
Nodes-1flow,Gurobi.Optimizer,Barrier,17520,17154,20.2857859,1050000000,648252,1454174,981120,174.6029999
Nodes-1flow,Gurobi.Optimizer,Barrier,17520,39567,21.2433346,1050000000,648252,1454174,981120,177.085
Nodes-1flow,Gurobi.Optimizer,Barrier,17520,67595,20.0906986,1050000000,648252,1454174,981120,189.2289999
Nodes-1flow,Gurobi.Optimizer,Barrier,17520,37763,19.8136845,1050000000,648252,1454174,981120,166.5779998
Nodes-1flow,Gurobi.Optimizer,Barrier,17520,3605,19.3985674,1050000000,648252,1454174,981120,146.6690001
Nodes-1flow,Gurobi.Optimizer,Barrier,17520,8,20.2012666,1050000000,648252,1454174,981120,147.6330001
Nodes-1flow,Gurobi.Optimizer,Barrier,17520,19545,19.4667888,1050000000,648252,1454174,981120,156.7850001
Nodes-1flow,Gurobi.Optimizer,Barrier,17520,42849,19.8746601,1050000000,648252,1454174,981120,138.309
Nodes-1flow,Gurobi.Optimizer,Barrier,17520,36965,19.8575061,1050000000,648252,1454174,981120,156.1240001
Nodes-1flow,Gurobi.Optimizer,Barrier,26280,83572,53.6792419,1480000000,972372,2181254,1471680,212.3310001
Nodes-1flow,Gurobi.Optimizer,Barrier,26280,17154,55.2720184,1480000000,972372,2181254,1471680,228.549
Nodes-1flow,Gurobi.Optimizer,Barrier,26280,39567,54.9864636,1480000000,972372,2181254,1471680,157.2869999
Nodes-1flow,Gurobi.Optimizer,Barrier,26280,67595,53.8948607,1480000000,972372,2181254,1471680,159.25
Nodes-1flow,Gurobi.Optimizer,Barrier,26280,37763,55.1027008,1480000000,972372,2181254,1471680,212.796
Nodes-1flow,Gurobi.Optimizer,Barrier,26280,3605,59.3066081,1480000000,972372,2181254,1471680,160.961
Nodes-1flow,Gurobi.Optimizer,Barrier,26280,8,54.8854301,1480000000,972372,2181254,1471680,143.9029999
Nodes-1flow,Gurobi.Optimizer,Barrier,26280,19545,53.8051358,1480000000,972372,2181254,1471680,174.7709999
Nodes-1flow,Gurobi.Optimizer,Barrier,26280,42849,58.3081873,1480000000,972372,2181254,1471680,187.335
Nodes-1flow,Gurobi.Optimizer,Barrier,26280,36965,59.8404271,1480000000,972372,2181254,1471680,188.016
Nodes-1flow,Gurobi.Optimizer,Barrier,35040,83572,101.8593546,1890000000,1296492,2908334,1962240,163.2030001
Nodes-1flow,Gurobi.Optimizer,Barrier,35040,17154,102.8690123,1890000000,1296492,2908334,1962240,187.3099999
Nodes-1flow,Gurobi.Optimizer,Barrier,35040,39567,102.164123,1890000000,1296492,2908334,1962240,216.2030001
Nodes-1flow,Gurobi.Optimizer,Barrier,35040,67595,111.8521331,1890000000,1296492,2908334,1962240,219.9020002
Nodes-1flow,Gurobi.Optimizer,Barrier,35040,37763,108.1524422,1890000000,1296492,2908334,1962240,155.569
Nodes-1flow,Gurobi.Optimizer,Barrier,35040,3605,107.5684287,1890000000,1296492,2908334,1962240,124.6629999
Nodes-1flow,Gurobi.Optimizer,Barrier,35040,8,105.3356785,1890000000,1296492,2908334,1962240,195.6929998
Nodes-1flow,Gurobi.Optimizer,Barrier,35040,19545,107.7230158,1890000000,1296492,2908334,1962240,214.5709999
Nodes-1flow,Gurobi.Optimizer,Barrier,35040,42849,103.8257237,1890000000,1296492,2908334,1962240,250.595
Nodes-1flow,Gurobi.Optimizer,Barrier,35040,36965,102.3583493,1890000000,1296492,2908334,1962240,124.7690001
Nodes-2flows,Gurobi.Optimizer,Barrier,672,83572,0.6247036,248000000,28908,63854,45696,0.395999908
Nodes-2flows,Gurobi.Optimizer,Barrier,672,17154,0.997862,248000000,28908,63854,45696,0.399999857
Nodes-2flows,Gurobi.Optimizer,Barrier,672,39567,0.6309319,248000000,28908,63854,45696,0.410000086
Nodes-2flows,Gurobi.Optimizer,Barrier,672,67595,0.6680753,248000000,28908,63854,45696,0.40199995
Nodes-2flows,Gurobi.Optimizer,Barrier,672,37763,1.0135527,248000000,28908,63854,45696,0.411999941
Nodes-2flows,Gurobi.Optimizer,Barrier,672,3605,0.6057076,248000000,28908,63854,45696,0.392000198
Nodes-2flows,Gurobi.Optimizer,Barrier,672,8,0.9440222,248000000,28908,63854,45696,0.40899992
Nodes-2flows,Gurobi.Optimizer,Barrier,672,19545,0.6094972,248000000,28908,63854,45696,0.400000095
Nodes-2flows,Gurobi.Optimizer,Barrier,672,42849,0.680164,248000000,28908,63854,45696,0.400000095
Nodes-2flows,Gurobi.Optimizer,Barrier,672,36965,0.5988007,248000000,28908,63854,45696,0.420000076
Nodes-2flows,Gurobi.Optimizer,Barrier,4380,83572,5.0622023,355000000,173388,383054,274176,7.089999914
Nodes-2flows,Gurobi.Optimizer,Barrier,4380,17154,4.6170886,355000000,173388,383054,274176,6.906000137
Nodes-2flows,Gurobi.Optimizer,Barrier,4380,39567,4.51114,355000000,173388,383054,274176,20.25
Nodes-2flows,Gurobi.Optimizer,Barrier,4380,67595,4.5375975,355000000,173388,383054,274176,19.83899999
Nodes-2flows,Gurobi.Optimizer,Barrier,4380,37763,4.1989424,355000000,173388,383054,274176,6.622999907
Nodes-2flows,Gurobi.Optimizer,Barrier,4380,3605,4.2123,355000000,173388,383054,274176,6.800000191
Nodes-2flows,Gurobi.Optimizer,Barrier,4380,8,4.2952879,355000000,173388,383054,274176,6.898000002
Nodes-2flows,Gurobi.Optimizer,Barrier,4380,19545,4.8796428,355000000,173388,383054,274176,6.791000128
Nodes-2flows,Gurobi.Optimizer,Barrier,4380,42849,4.7890614,355000000,173388,383054,274176,6.730000019
Nodes-2flows,Gurobi.Optimizer,Barrier,4380,36965,4.7712227,355000000,173388,383054,274176,6.451999903
Nodes-2flows,Gurobi.Optimizer,Barrier,8760,83572,11.5938436,610000000,376692,832214,595680,28.74800014
Nodes-2flows,Gurobi.Optimizer,Barrier,8760,17154,11.1367529,610000000,376692,832214,595680,23.26400018
Nodes-2flows,Gurobi.Optimizer,Barrier,8760,39567,10.1699916,610000000,376692,832214,595680,23.47600007
Nodes-2flows,Gurobi.Optimizer,Barrier,8760,67595,10.5357792,610000000,376692,832214,595680,77.73300004
Nodes-2flows,Gurobi.Optimizer,Barrier,8760,37763,11.3036313,610000000,376692,832214,595680,24.60400009
Nodes-2flows,Gurobi.Optimizer,Barrier,8760,3605,12.0309083,610000000,376692,832214,595680,23.53200006
Nodes-2flows,Gurobi.Optimizer,Barrier,8760,8,10.7149015,610000000,376692,832214,595680,65.5
Nodes-2flows,Gurobi.Optimizer,Barrier,8760,19545,12.462131,610000000,376692,832214,595680,124.1529999
Nodes-2flows,Gurobi.Optimizer,Barrier,8760,42849,11.8811483,610000000,376692,832214,595680,23.85700011
Nodes-2flows,Gurobi.Optimizer,Barrier,8760,36965,10.2137142,610000000,376692,832214,595680,52.25399995
Nodes-2flows,Gurobi.Optimizer,Barrier,17520,83572,24.9717225,1050000000,753372,1664414,1191360,168.832
Nodes-2flows,Gurobi.Optimizer,Barrier,17520,17154,23.8234307,1050000000,753372,1664414,1191360,153.197
Nodes-2flows,Gurobi.Optimizer,Barrier,17520,39567,33.7935645,1050000000,753372,1664414,1191360,141.369
Nodes-2flows,Gurobi.Optimizer,Barrier,17520,67595,24.1994097,1050000000,753372,1664414,1191360,178.3629999
Nodes-2flows,Gurobi.Optimizer,Barrier,17520,37763,23.1796739,1050000000,753372,1664414,1191360,193.9860001
Nodes-2flows,Gurobi.Optimizer,Barrier,17520,3605,23.2532143,1050000000,753372,1664414,1191360,150.799
Nodes-2flows,Gurobi.Optimizer,Barrier,17520,8,26.0343773,1050000000,753372,1664414,1191360,241.2550001
Nodes-2flows,Gurobi.Optimizer,Barrier,17520,19545,24.3012166,1050000000,753372,1664414,1191360,229.1400001
Nodes-2flows,Gurobi.Optimizer,Barrier,17520,42849,25.3085747,1050000000,753372,1664414,1191360,151.293
Nodes-2flows,Gurobi.Optimizer,Barrier,17520,36965,23.0830842,1050000000,753372,1664414,1191360,154.1689999
Nodes-2flows,Gurobi.Optimizer,Barrier,26280,83572,78.7457528,1480000000,1130052,2496614,1787040,180.0220001
Nodes-2flows,Gurobi.Optimizer,Barrier,26280,17154,73.2149081,1480000000,1130052,2496614,1787040,189.4779999
Nodes-2flows,Gurobi.Optimizer,Barrier,26280,39567,74.2468193,1480000000,1130052,2496614,1787040,166.125
Nodes-2flows,Gurobi.Optimizer,Barrier,26280,67595,74.9483928,1480000000,1130052,2496614,1787040,194.2025
Nodes-2flows,Gurobi.Optimizer,Barrier,26280,37763,74.2536027,1480000000,1130052,2496614,1787040,196.257
Nodes-2flows,Gurobi.Optimizer,Barrier,26280,3605,77.4340318,1480000000,1130052,2496614,1787040,186.3399999
Nodes-2flows,Gurobi.Optimizer,Barrier,26280,8,78.9129486,1480000000,1130052,2496614,1787040,158.7349999
Nodes-2flows,Gurobi.Optimizer,Barrier,26280,19545,84.699719,1480000000,1130052,2496614,1787040,231.9960001
Nodes-2flows,Gurobi.Optimizer,Barrier,26280,42849,76.375515,1480000000,1130052,2496614,1787040,158.0669999
Nodes-2flows,Gurobi.Optimizer,Barrier,26280,36965,75.8863144,1480000000,1130052,2496614,1787040,156.6409998
Nodes-2flows,Gurobi.Optimizer,Barrier,35040,83572,124.8815776,1890000000,1506732,3328814,2382720,174.8429999
Nodes-2flows,Gurobi.Optimizer,Barrier,35040,17154,128.0508522,1890000000,1506732,3328814,2382720,176.3789999
Nodes-2flows,Gurobi.Optimizer,Barrier,35040,39567,123.1956,1890000000,1506732,3328814,2382720,147.3469999
Nodes-2flows,Gurobi.Optimizer,Barrier,35040,67595,122.6327339,1890000000,1506732,3328814,2382720,187.033
Nodes-2flows,Gurobi.Optimizer,Barrier,35040,37763,123.87097,1890000000,1506732,3328814,2382720,179.4569998
Nodes-2flows,Gurobi.Optimizer,Barrier,35040,3605,124.2788835,1890000000,1506732,3328814,2382720,195.1559999
Nodes-2flows,Gurobi.Optimizer,Barrier,35040,8,122.9095249,1890000000,1506732,3328814,2382720,224.5669999
Nodes-2flows,Gurobi.Optimizer,Barrier,35040,19545,123.5730043,1890000000,1506732,3328814,2382720,122.8740001
Nodes-2flows,Gurobi.Optimizer,Barrier,35040,42849,120.9032577,1890000000,1506732,3328814,2382720,182.573
Nodes-2flows,Gurobi.Optimizer,Barrier,35040,36965,121.9718652,1890000000,1506732,3328814,2382720,235.3530002
Asset-to-asset,Gurobi.Optimizer,Barrier,672,37548,0.6611124,248000000,21516,47054,29568,0.375
Asset-to-asset,Gurobi.Optimizer,Barrier,672,25980,0.7211819,248000000,21516,47054,29568,0.375
Asset-to-asset,Gurobi.Optimizer,Barrier,672,57408,0.4024437,248000000,21516,47054,29568,0.375
Asset-to-asset,Gurobi.Optimizer,Barrier,672,41831,0.4188097,248000000,21516,47054,29568,0.328000069
Asset-to-asset,Gurobi.Optimizer,Barrier,672,29040,0.4439701,248000000,21516,47054,29568,0.375
Asset-to-asset,Gurobi.Optimizer,Barrier,672,71372,0.3949125,248000000,21516,47054,29568,0.328000069
Asset-to-asset,Gurobi.Optimizer,Barrier,672,52533,0.4548066,248000000,21516,47054,29568,0.746999979
Asset-to-asset,Gurobi.Optimizer,Barrier,672,34244,0.8218065,248000000,21516,47054,29568,0.342999935
Asset-to-asset,Gurobi.Optimizer,Barrier,672,45224,0.4586173,248000000,21516,47054,29568,0.358999968
Asset-to-asset,Gurobi.Optimizer,Barrier,672,31659,0.5534477,248000000,21516,47054,29568,0.655999899
Asset-to-asset,Gurobi.Optimizer,Barrier,4380,37548,3.9942437,355000000,129036,282254,177408,6.506000042
Asset-to-asset,Gurobi.Optimizer,Barrier,4380,25980,3.2465443,355000000,129036,282254,177408,6.10800004
Asset-to-asset,Gurobi.Optimizer,Barrier,4380,57408,4.3417452,355000000,129036,282254,177408,6.157999992
Asset-to-asset,Gurobi.Optimizer,Barrier,4380,41831,3.6073643,355000000,129036,282254,177408,6.009000063
Asset-to-asset,Gurobi.Optimizer,Barrier,4380,29040,3.5710945,355000000,129036,282254,177408,6.355000019
Asset-to-asset,Gurobi.Optimizer,Barrier,4380,71372,3.5475052,355000000,129036,282254,177408,6.18599987
Asset-to-asset,Gurobi.Optimizer,Barrier,4380,52533,3.8141655,355000000,129036,282254,177408,5.861999989
Asset-to-asset,Gurobi.Optimizer,Barrier,4380,34244,3.561046,355000000,129036,282254,177408,6.904999971
Asset-to-asset,Gurobi.Optimizer,Barrier,4380,45224,3.6404927,355000000,129036,282254,177408,6.707000017
Asset-to-asset,Gurobi.Optimizer,Barrier,4380,31659,3.6283131,355000000,129036,282254,177408,6.036999941
Asset-to-asset,Gurobi.Optimizer,Barrier,8760,37548,7.4265006,610000000,280332,613214,385440,22.22200012
Asset-to-asset,Gurobi.Optimizer,Barrier,8760,25980,7.6623746,610000000,280332,613214,385440,16.92700005
Asset-to-asset,Gurobi.Optimizer,Barrier,8760,57408,7.3587743,610000000,280332,613214,385440,18.30900002
Asset-to-asset,Gurobi.Optimizer,Barrier,8760,41831,7.3683425,610000000,280332,613214,385440,21.25999999
Asset-to-asset,Gurobi.Optimizer,Barrier,8760,29040,8.3673668,610000000,280332,613214,385440,22.66899991
Asset-to-asset,Gurobi.Optimizer,Barrier,8760,71372,7.9693846,610000000,280332,613214,385440,23.36199999
Asset-to-asset,Gurobi.Optimizer,Barrier,8760,52533,7.9034583,610000000,280332,613214,385440,103.5
Asset-to-asset,Gurobi.Optimizer,Barrier,8760,34244,7.4389053,610000000,280332,613214,385440,17.54200006
Asset-to-asset,Gurobi.Optimizer,Barrier,8760,45224,7.7425226,610000000,280332,613214,385440,21.95600009
Asset-to-asset,Gurobi.Optimizer,Barrier,8760,31659,7.8121288,610000000,280332,613214,385440,15.83799982
Asset-to-asset,Gurobi.Optimizer,Barrier,17520,37548,14.829159,1050000000,560652,1226414,770880,102.5706434
Asset-to-asset,Gurobi.Optimizer,Barrier,17520,25980,15.5952977,1050000000,560652,1226414,770880,73.30781481
Asset-to-asset,Gurobi.Optimizer,Barrier,17520,57408,16.516174,1050000000,560652,1226414,770880,159.1421911
Asset-to-asset,Gurobi.Optimizer,Barrier,17520,41831,16.3155873,1050000000,560652,1226414,770880,101.6686519
Asset-to-asset,Gurobi.Optimizer,Barrier,17520,29040,15.3436853,1050000000,560652,1226414,770880,148.8397184
Asset-to-asset,Gurobi.Optimizer,Barrier,17520,71372,16.6926707,1050000000,560652,1226414,770880,121.881293
Asset-to-asset,Gurobi.Optimizer,Barrier,17520,52533,15.7773406,1050000000,560652,1226414,770880,128.868638
Asset-to-asset,Gurobi.Optimizer,Barrier,17520,34244,16.0727135,1050000000,560652,1226414,770880,167.3546385
Asset-to-asset,Gurobi.Optimizer,Barrier,17520,45224,16.7463727,1050000000,560652,1226414,770880,168.8101809
Asset-to-asset,Gurobi.Optimizer,Barrier,17520,31659,16.6414186,1050000000,560652,1226414,770880,133.8394761
Asset-to-asset,Gurobi.Optimizer,Barrier,26280,37548,25.6481257,1480000000,840972,1839614,1156320,139.28
Asset-to-asset,Gurobi.Optimizer,Barrier,26280,25980,27.199999,1480000000,840972,1839614,1156320,121.6889999
Asset-to-asset,Gurobi.Optimizer,Barrier,26280,57408,27.6437976,1480000000,840972,1839614,1156320,189.984
Asset-to-asset,Gurobi.Optimizer,Barrier,26280,41831,28.6964363,1480000000,840972,1839614,1156320,134.099
Asset-to-asset,Gurobi.Optimizer,Barrier,26280,29040,27.7241255,1480000000,840972,1839614,1156320,169.1509998
Asset-to-asset,Gurobi.Optimizer,Barrier,26280,71372,28.6910161,1480000000,840972,1839614,1156320,125.4579999
Asset-to-asset,Gurobi.Optimizer,Barrier,26280,52533,27.1532457,1480000000,840972,1839614,1156320,156.2130001
Asset-to-asset,Gurobi.Optimizer,Barrier,26280,34244,28.5992165,1480000000,840972,1839614,1156320,156.1830001
Asset-to-asset,Gurobi.Optimizer,Barrier,26280,45224,27.5121825,1480000000,840972,1839614,1156320,143.5219998
Asset-to-asset,Gurobi.Optimizer,Barrier,26280,31659,28.5947637,1480000000,840972,1839614,1156320,174.6469998
Asset-to-asset,Gurobi.Optimizer,Barrier,35040,37548,64.9479529,1890000000,1121292,2452814,1541760,155.1719999
Asset-to-asset,Gurobi.Optimizer,Barrier,35040,25980,64.8215298,1890000000,1121292,2452814,1541760,150.187
Asset-to-asset,Gurobi.Optimizer,Barrier,35040,57408,64.502039,1890000000,1121292,2452814,1541760,130.2350001
Asset-to-asset,Gurobi.Optimizer,Barrier,35040,41831,64.3265184,1890000000,1121292,2452814,1541760,142.904
Asset-to-asset,Gurobi.Optimizer,Barrier,35040,29040,63.3989529,1890000000,1121292,2452814,1541760,137.9390001
Asset-to-asset,Gurobi.Optimizer,Barrier,35040,71372,63.4019664,1890000000,1121292,2452814,1541760,134.1200001
Asset-to-asset,Gurobi.Optimizer,Barrier,35040,52533,63.554632,1890000000,1121292,2452814,1541760,141.4230001
Asset-to-asset,Gurobi.Optimizer,Barrier,35040,34244,63.8758861,1890000000,1121292,2452814,1541760,133.8560002
Asset-to-asset,Gurobi.Optimizer,Barrier,35040,45224,64.4438502,1890000000,1121292,2452814,1541760,138.5310001
Asset-to-asset,Gurobi.Optimizer,Barrier,35040,31659,63.2426902,1890000000,1121292,2452814,1541760,170.1369998
Nodes-1flow,Gurobi.Optimizer,Barrier,672,37548,0.885973,248000000,24876,55790,37632,0.391000032
Nodes-1flow,Gurobi.Optimizer,Barrier,672,25980,0.5361487,248000000,24876,55790,37632,0.375
Nodes-1flow,Gurobi.Optimizer,Barrier,672,57408,0.6125602,248000000,24876,55790,37632,0.405999899
Nodes-1flow,Gurobi.Optimizer,Barrier,672,41831,0.5384319,248000000,24876,55790,37632,0.358999968
Nodes-1flow,Gurobi.Optimizer,Barrier,672,29040,0.5042246,248000000,24876,55790,37632,0.375
Nodes-1flow,Gurobi.Optimizer,Barrier,672,71372,0.8422197,248000000,24876,55790,37632,0.781000137
Nodes-1flow,Gurobi.Optimizer,Barrier,672,52533,0.8740477,248000000,24876,55790,37632,0.386000156
Nodes-1flow,Gurobi.Optimizer,Barrier,672,34244,0.5418476,248000000,24876,55790,37632,0.391000032
Nodes-1flow,Gurobi.Optimizer,Barrier,672,45224,0.8195006,248000000,24876,55790,37632,0.42200017
Nodes-1flow,Gurobi.Optimizer,Barrier,672,31659,0.4560769,248000000,24876,55790,37632,0.389999866
Nodes-1flow,Gurobi.Optimizer,Barrier,4380,37548,4.5249893,355000000,149196,334670,225792,7.261999846
Nodes-1flow,Gurobi.Optimizer,Barrier,4380,25980,4.5426766,355000000,149196,334670,225792,7.474999905
Nodes-1flow,Gurobi.Optimizer,Barrier,4380,57408,4.6687842,355000000,149196,334670,225792,7.352999926
Nodes-1flow,Gurobi.Optimizer,Barrier,4380,41831,4.7476223,355000000,149196,334670,225792,7.75
Nodes-1flow,Gurobi.Optimizer,Barrier,4380,29040,4.412902,355000000,149196,334670,225792,7.109999895
Nodes-1flow,Gurobi.Optimizer,Barrier,4380,71372,4.4000103,355000000,149196,334670,225792,7.281000137
Nodes-1flow,Gurobi.Optimizer,Barrier,4380,52533,4.8471104,355000000,149196,334670,225792,7.110000134
Nodes-1flow,Gurobi.Optimizer,Barrier,4380,34244,4.6799646,355000000,149196,334670,225792,7.59800005
Nodes-1flow,Gurobi.Optimizer,Barrier,4380,45224,4.8305468,355000000,149196,334670,225792,7.359999895
Nodes-1flow,Gurobi.Optimizer,Barrier,4380,31659,4.6069614,355000000,149196,334670,225792,7.625
Nodes-1flow,Gurobi.Optimizer,Barrier,8760,37548,10.4468464,610000000,324132,727094,490560,68.78100014
Nodes-1flow,Gurobi.Optimizer,Barrier,8760,25980,8.7373733,610000000,324132,727094,490560,142.0799999
Nodes-1flow,Gurobi.Optimizer,Barrier,8760,57408,9.4290786,610000000,324132,727094,490560,22.4610002
Nodes-1flow,Gurobi.Optimizer,Barrier,8760,41831,9.0511948,610000000,324132,727094,490560,42.32099986
Nodes-1flow,Gurobi.Optimizer,Barrier,8760,29040,8.897489,610000000,324132,727094,490560,23.01600003
Nodes-1flow,Gurobi.Optimizer,Barrier,8760,71372,9.157062,610000000,324132,727094,490560,21.21199989
Nodes-1flow,Gurobi.Optimizer,Barrier,8760,52533,9.6320698,610000000,324132,727094,490560,23.96899986
Nodes-1flow,Gurobi.Optimizer,Barrier,8760,34244,9.230349,610000000,324132,727094,490560,72.72100019
Nodes-1flow,Gurobi.Optimizer,Barrier,8760,45224,9.6411548,610000000,324132,727094,490560,21.57800007
Nodes-1flow,Gurobi.Optimizer,Barrier,8760,31659,9.649968,610000000,324132,727094,490560,41.34399986
Nodes-1flow,Gurobi.Optimizer,Barrier,17520,37548,19.3997944,1050000000,648252,1454174,981120,188.2019999
Nodes-1flow,Gurobi.Optimizer,Barrier,17520,25980,21.1860373,1050000000,648252,1454174,981120,140.0969999
Nodes-1flow,Gurobi.Optimizer,Barrier,17520,57408,20.7901973,1050000000,648252,1454174,981120,212.994
Nodes-1flow,Gurobi.Optimizer,Barrier,17520,41831,20.9496794,1050000000,648252,1454174,981120,148.115
Nodes-1flow,Gurobi.Optimizer,Barrier,17520,29040,20.9014859,1050000000,648252,1454174,981120,147.0309999
Nodes-1flow,Gurobi.Optimizer,Barrier,17520,71372,20.6975193,1050000000,648252,1454174,981120,166.079
Nodes-1flow,Gurobi.Optimizer,Barrier,17520,52533,20.176822,1050000000,648252,1454174,981120,152.8800001
Nodes-1flow,Gurobi.Optimizer,Barrier,17520,34244,20.6663981,1050000000,648252,1454174,981120,202.7650001
Nodes-1flow,Gurobi.Optimizer,Barrier,17520,45224,21.0679541,1050000000,648252,1454174,981120,187.9449999
Nodes-1flow,Gurobi.Optimizer,Barrier,17520,31659,20.3538661,1050000000,648252,1454174,981120,173.349
Nodes-1flow,Gurobi.Optimizer,Barrier,26280,37548,58.5338883,1480000000,972372,2181254,1471680,177.6570001
Nodes-1flow,Gurobi.Optimizer,Barrier,26280,25980,59.1360972,1480000000,972372,2181254,1471680,145.3280001
Nodes-1flow,Gurobi.Optimizer,Barrier,26280,57408,52.9189711,1480000000,972372,2181254,1471680,184.4960001
Nodes-1flow,Gurobi.Optimizer,Barrier,26280,41831,57.286438,1480000000,972372,2181254,1471680,173.8800001
Nodes-1flow,Gurobi.Optimizer,Barrier,26280,29040,55.7560765,1480000000,972372,2181254,1471680,193.688
Nodes-1flow,Gurobi.Optimizer,Barrier,26280,71372,56.3125494,1480000000,972372,2181254,1471680,181.786
Nodes-1flow,Gurobi.Optimizer,Barrier,26280,52533,53.250584,1480000000,972372,2181254,1471680,219.552
Nodes-1flow,Gurobi.Optimizer,Barrier,26280,34244,62.0833038,1480000000,972372,2181254,1471680,176.2320001
Nodes-1flow,Gurobi.Optimizer,Barrier,26280,45224,57.2714029,1480000000,972372,2181254,1471680,184.3479998
Nodes-1flow,Gurobi.Optimizer,Barrier,26280,31659,56.9327127,1480000000,972372,2181254,1471680,177.2589998
Nodes-1flow,Gurobi.Optimizer,Barrier,35040,37548,116.0685176,1890000000,1296492,2908334,1962240,262.457
Nodes-1flow,Gurobi.Optimizer,Barrier,35040,25980,100.3863713,1890000000,1296492,2908334,1962240,193.2779999
Nodes-1flow,Gurobi.Optimizer,Barrier,35040,57408,99.5316707,1890000000,1296492,2908334,1962240,192.421
Nodes-1flow,Gurobi.Optimizer,Barrier,35040,41831,100.0403801,1890000000,1296492,2908334,1962240,224.5549998
Nodes-1flow,Gurobi.Optimizer,Barrier,35040,29040,100.3582912,1890000000,1296492,2908334,1962240,125.125
Nodes-1flow,Gurobi.Optimizer,Barrier,35040,71372,100.1699464,1890000000,1296492,2908334,1962240,245.5780001
Nodes-1flow,Gurobi.Optimizer,Barrier,35040,52533,101.3017154,1890000000,1296492,2908334,1962240,161.572
Nodes-1flow,Gurobi.Optimizer,Barrier,35040,34244,102.0392041,1890000000,1296492,2908334,1962240,152.335
Nodes-1flow,Gurobi.Optimizer,Barrier,35040,45224,104.7808754,1890000000,1296492,2908334,1962240,208.734
Nodes-1flow,Gurobi.Optimizer,Barrier,35040,31659,103.7450805,1890000000,1296492,2908334,1962240,209.852
Nodes-2flows,Gurobi.Optimizer,Barrier,672,37548,0.5684339,248000000,28908,63854,45696,0.429000139
Nodes-2flows,Gurobi.Optimizer,Barrier,672,25980,0.9212376,248000000,28908,63854,45696,0.419999838
Nodes-2flows,Gurobi.Optimizer,Barrier,672,57408,0.6760163,248000000,28908,63854,45696,0.397000074
Nodes-2flows,Gurobi.Optimizer,Barrier,672,41831,0.6204051,248000000,28908,63854,45696,0.41899991
Nodes-2flows,Gurobi.Optimizer,Barrier,672,29040,0.6902687,248000000,28908,63854,45696,0.399999857
Nodes-2flows,Gurobi.Optimizer,Barrier,672,71372,0.6230274,248000000,28908,63854,45696,0.404000044
Nodes-2flows,Gurobi.Optimizer,Barrier,672,52533,0.9684695,248000000,28908,63854,45696,0.388999939
Nodes-2flows,Gurobi.Optimizer,Barrier,672,34244,0.9322312,248000000,28908,63854,45696,0.429999828
Nodes-2flows,Gurobi.Optimizer,Barrier,672,45224,0.594941,248000000,28908,63854,45696,0.409999847
Nodes-2flows,Gurobi.Optimizer,Barrier,672,31659,1.1234706,248000000,28908,63854,45696,0.440000057
Nodes-2flows,Gurobi.Optimizer,Barrier,4380,37548,5.415825,355000000,173388,383054,274176,8.029000044
Nodes-2flows,Gurobi.Optimizer,Barrier,4380,25980,5.3412267,355000000,173388,383054,274176,7.679000139
Nodes-2flows,Gurobi.Optimizer,Barrier,4380,57408,5.5214819,355000000,173388,383054,274176,7.332999945
Nodes-2flows,Gurobi.Optimizer,Barrier,4380,41831,5.7777585,355000000,173388,383054,274176,7.493000031
Nodes-2flows,Gurobi.Optimizer,Barrier,4380,29040,5.4577537,355000000,173388,383054,274176,7.72300005
Nodes-2flows,Gurobi.Optimizer,Barrier,4380,71372,5.2962285,355000000,173388,383054,274176,7.460000038
Nodes-2flows,Gurobi.Optimizer,Barrier,4380,52533,5.116051,355000000,173388,383054,274176,7.805000067
Nodes-2flows,Gurobi.Optimizer,Barrier,4380,34244,5.8485694,355000000,173388,383054,274176,7.674999952
Nodes-2flows,Gurobi.Optimizer,Barrier,4380,45224,5.1632605,355000000,173388,383054,274176,7.51699996
Nodes-2flows,Gurobi.Optimizer,Barrier,4380,31659,5.2954836,355000000,173388,383054,274176,7.404000044
Nodes-2flows,Gurobi.Optimizer,Barrier,8760,37548,12.0486775,610000000,376692,832214,595680,27.72600007
Nodes-2flows,Gurobi.Optimizer,Barrier,8760,25980,11.9797079,610000000,376692,832214,595680,24.296
Nodes-2flows,Gurobi.Optimizer,Barrier,8760,57408,11.1579045,610000000,376692,832214,595680,58.38499999
Nodes-2flows,Gurobi.Optimizer,Barrier,8760,41831,11.1665468,610000000,376692,832214,595680,23.95099998
Nodes-2flows,Gurobi.Optimizer,Barrier,8760,29040,12.9461338,610000000,376692,832214,595680,23.34599996
Nodes-2flows,Gurobi.Optimizer,Barrier,8760,71372,11.2121871,610000000,376692,832214,595680,22.62400007
Nodes-2flows,Gurobi.Optimizer,Barrier,8760,52533,11.429224,610000000,376692,832214,595680,137.576
Nodes-2flows,Gurobi.Optimizer,Barrier,8760,34244,11.1116146,610000000,376692,832214,595680,23.01600003
Nodes-2flows,Gurobi.Optimizer,Barrier,8760,45224,12.4072019,610000000,376692,832214,595680,25.42400002
Nodes-2flows,Gurobi.Optimizer,Barrier,8760,31659,11.3409782,610000000,376692,832214,595680,26.227
Nodes-2flows,Gurobi.Optimizer,Barrier,17520,37548,25.6703354,1050000000,753372,1664414,1191360,179.378
Nodes-2flows,Gurobi.Optimizer,Barrier,17520,25980,35.3419391,1050000000,753372,1664414,1191360,152.8449998
Nodes-2flows,Gurobi.Optimizer,Barrier,17520,57408,26.8778107,1050000000,753372,1664414,1191360,240.408
Nodes-2flows,Gurobi.Optimizer,Barrier,17520,41831,24.9755949,1050000000,753372,1664414,1191360,161.7349999
Nodes-2flows,Gurobi.Optimizer,Barrier,17520,29040,24.8071693,1050000000,753372,1664414,1191360,151.1990001
Nodes-2flows,Gurobi.Optimizer,Barrier,17520,71372,28.2636617,1050000000,753372,1664414,1191360,203.6589999
Nodes-2flows,Gurobi.Optimizer,Barrier,17520,52533,25.1958406,1050000000,753372,1664414,1191360,153.296
Nodes-2flows,Gurobi.Optimizer,Barrier,17520,34244,25.0022599,1050000000,753372,1664414,1191360,172.7340002
Nodes-2flows,Gurobi.Optimizer,Barrier,17520,45224,25.5599444,1050000000,753372,1664414,1191360,201.4659998
Nodes-2flows,Gurobi.Optimizer,Barrier,17520,31659,28.2830605,1050000000,753372,1664414,1191360,207.7149999
Nodes-2flows,Gurobi.Optimizer,Barrier,26280,37548,74.6045608,1480000000,1130052,2496614,1787040,160.027
Nodes-2flows,Gurobi.Optimizer,Barrier,26280,25980,78.4969354,1480000000,1130052,2496614,1787040,184.931
Nodes-2flows,Gurobi.Optimizer,Barrier,26280,57408,79.1370007,1480000000,1130052,2496614,1787040,203.3239999
Nodes-2flows,Gurobi.Optimizer,Barrier,26280,41831,78.895574,1480000000,1130052,2496614,1787040,187.3840001
Nodes-2flows,Gurobi.Optimizer,Barrier,26280,29040,79.280595,1480000000,1130052,2496614,1787040,198.8959999
Nodes-2flows,Gurobi.Optimizer,Barrier,26280,71372,79.5181484,1480000000,1130052,2496614,1787040,227.7610002
Nodes-2flows,Gurobi.Optimizer,Barrier,26280,52533,79.2272132,1480000000,1130052,2496614,1787040,201.4880002
Nodes-2flows,Gurobi.Optimizer,Barrier,26280,34244,85.5955013,1480000000,1130052,2496614,1787040,139.6210001
Nodes-2flows,Gurobi.Optimizer,Barrier,26280,45224,79.908973,1480000000,1130052,2496614,1787040,171.122
Nodes-2flows,Gurobi.Optimizer,Barrier,26280,31659,80.724473,1480000000,1130052,2496614,1787040,214.7609999
Nodes-2flows,Gurobi.Optimizer,Barrier,35040,37548,129.0999765,1890000000,1506732,3328814,2382720,211.122
Nodes-2flows,Gurobi.Optimizer,Barrier,35040,25980,124.6637116,1890000000,1506732,3328814,2382720,282.7350001
Nodes-2flows,Gurobi.Optimizer,Barrier,35040,57408,126.7243508,1890000000,1506732,3328814,2382720,220.852
Nodes-2flows,Gurobi.Optimizer,Barrier,35040,41831,126.0607855,1890000000,1506732,3328814,2382720,220.8930001
Nodes-2flows,Gurobi.Optimizer,Barrier,35040,29040,126.8985451,1890000000,1506732,3328814,2382720,219.812
Nodes-2flows,Gurobi.Optimizer,Barrier,35040,71372,124.9160017,1890000000,1506732,3328814,2382720,133.5
Nodes-2flows,Gurobi.Optimizer,Barrier,35040,52533,128.1162508,1890000000,1506732,3328814,2382720,225.9430001
Nodes-2flows,Gurobi.Optimizer,Barrier,35040,34244,138.9794206,1890000000,1506732,3328814,2382720,195.944
Nodes-2flows,Gurobi.Optimizer,Barrier,35040,45224,124.5041152,1890000000,1506732,3328814,2382720,160.234
Nodes-2flows,Gurobi.Optimizer,Barrier,35040,31659,121.1036154,1890000000,1506732,3328814,2382720,163.194
Asset-to-asset,Gurobi.Optimizer,Barrier,672,10284,0.4261493,248000000,21516,47054,29568,0.360000134
Asset-to-asset,Gurobi.Optimizer,Barrier,672,4974,1.0049391,248000000,21516,47054,29568,0.374000072
Asset-to-asset,Gurobi.Optimizer,Barrier,672,49350,0.4223399,248000000,21516,47054,29568,0.338999987
Asset-to-asset,Gurobi.Optimizer,Barrier,672,80866,0.3573533,248000000,21516,47054,29568,0.343000174
Asset-to-asset,Gurobi.Optimizer,Barrier,672,4243,0.6726119,248000000,21516,47054,29568,0.374000072
Asset-to-asset,Gurobi.Optimizer,Barrier,672,18929,0.3924175,248000000,21516,47054,29568,0.34800005
Asset-to-asset,Gurobi.Optimizer,Barrier,672,90445,0.3734895,248000000,21516,47054,29568,0.358999968
Asset-to-asset,Gurobi.Optimizer,Barrier,672,2123,0.4146775,248000000,21516,47054,29568,0.373999834
Asset-to-asset,Gurobi.Optimizer,Barrier,672,57156,0.3643851,248000000,21516,47054,29568,0.338000059
Asset-to-asset,Gurobi.Optimizer,Barrier,672,15377,0.3647191,248000000,21516,47054,29568,0.359999895
Asset-to-asset,Gurobi.Optimizer,Barrier,4380,10284,3.4664043,355000000,129036,282254,177408,6.062000036
Asset-to-asset,Gurobi.Optimizer,Barrier,4380,4974,3.6301184,355000000,129036,282254,177408,5.519999981
Asset-to-asset,Gurobi.Optimizer,Barrier,4380,49350,3.3273765,355000000,129036,282254,177408,5.52699995
Asset-to-asset,Gurobi.Optimizer,Barrier,4380,80866,3.267722,355000000,129036,282254,177408,5.678999901
Asset-to-asset,Gurobi.Optimizer,Barrier,4380,4243,3.2609787,355000000,129036,282254,177408,5.805000067
Asset-to-asset,Gurobi.Optimizer,Barrier,4380,18929,3.4203644,355000000,129036,282254,177408,6.328999996
Asset-to-asset,Gurobi.Optimizer,Barrier,4380,90445,3.4865465,355000000,129036,282254,177408,5.953000069
Asset-to-asset,Gurobi.Optimizer,Barrier,4380,2123,3.498296,355000000,129036,282254,177408,5.595000029
Asset-to-asset,Gurobi.Optimizer,Barrier,4380,57156,3.6450309,355000000,129036,282254,177408,6.014999866
Asset-to-asset,Gurobi.Optimizer,Barrier,4380,15377,3.4706429,355000000,129036,282254,177408,5.758999825
Asset-to-asset,Gurobi.Optimizer,Barrier,8760,10284,7.0617889,610000000,280332,613214,385440,14.23399997
Asset-to-asset,Gurobi.Optimizer,Barrier,8760,4974,7.2597632,610000000,280332,613214,385440,18.23000002
Asset-to-asset,Gurobi.Optimizer,Barrier,8760,49350,7.2533277,610000000,280332,613214,385440,18.98399997
Asset-to-asset,Gurobi.Optimizer,Barrier,8760,80866,7.224006,610000000,280332,613214,385440,16.3670001
Asset-to-asset,Gurobi.Optimizer,Barrier,8760,4243,7.3293258,610000000,280332,613214,385440,17.95299983
Asset-to-asset,Gurobi.Optimizer,Barrier,8760,18929,7.3124169,610000000,280332,613214,385440,69.53399992
Asset-to-asset,Gurobi.Optimizer,Barrier,8760,90445,7.1332147,610000000,280332,613214,385440,17.92200017
Asset-to-asset,Gurobi.Optimizer,Barrier,8760,2123,7.3765035,610000000,280332,613214,385440,13.95599985
Asset-to-asset,Gurobi.Optimizer,Barrier,8760,57156,7.2708128,610000000,280332,613214,385440,17.17999983
Asset-to-asset,Gurobi.Optimizer,Barrier,8760,15377,7.220147,610000000,280332,613214,385440,16.24399996
Asset-to-asset,Gurobi.Optimizer,Barrier,17520,10284,15.1046278,1050000000,560652,1226414,770880,59.10639123
Asset-to-asset,Gurobi.Optimizer,Barrier,17520,4974,16.4933316,1050000000,560652,1226414,770880,119.5750365
Asset-to-asset,Gurobi.Optimizer,Barrier,17520,49350,15.6363566,1050000000,560652,1226414,770880,155.8357128
Asset-to-asset,Gurobi.Optimizer,Barrier,17520,80866,16.0140062,1050000000,560652,1226414,770880,131.688906
Asset-to-asset,Gurobi.Optimizer,Barrier,17520,4243,14.957602,1050000000,560652,1226414,770880,103.5010537
Asset-to-asset,Gurobi.Optimizer,Barrier,17520,18929,15.4975165,1050000000,560652,1226414,770880,95.7692567
Asset-to-asset,Gurobi.Optimizer,Barrier,17520,90445,15.9534035,1050000000,560652,1226414,770880,110.7886508
Asset-to-asset,Gurobi.Optimizer,Barrier,17520,2123,15.6325332,1050000000,560652,1226414,770880,114.208805
Asset-to-asset,Gurobi.Optimizer,Barrier,17520,57156,14.8715375,1050000000,560652,1226414,770880,152.2067415
Asset-to-asset,Gurobi.Optimizer,Barrier,17520,15377,14.6523752,1050000000,560652,1226414,770880,121.0033958
Asset-to-asset,Gurobi.Optimizer,Barrier,26280,10284,25.5693033,1480000000,840972,1839614,1156320,138.4689999
Asset-to-asset,Gurobi.Optimizer,Barrier,26280,4974,30.4565776,1480000000,840972,1839614,1156320,129.5839999
Asset-to-asset,Gurobi.Optimizer,Barrier,26280,49350,32.0249564,1480000000,840972,1839614,1156320,107.984
Asset-to-asset,Gurobi.Optimizer,Barrier,26280,80866,30.8052394,1480000000,840972,1839614,1156320,124.381
Asset-to-asset,Gurobi.Optimizer,Barrier,26280,4243,26.0716047,1480000000,840972,1839614,1156320,135.664
Asset-to-asset,Gurobi.Optimizer,Barrier,26280,18929,27.3214333,1480000000,840972,1839614,1156320,131.6200001
Asset-to-asset,Gurobi.Optimizer,Barrier,26280,90445,33.4973417,1480000000,840972,1839614,1156320,153.9980001
Asset-to-asset,Gurobi.Optimizer,Barrier,26280,2123,25.796431,1480000000,840972,1839614,1156320,118.7090001
Asset-to-asset,Gurobi.Optimizer,Barrier,26280,57156,23.8164276,1480000000,840972,1839614,1156320,126.836
Asset-to-asset,Gurobi.Optimizer,Barrier,26280,15377,24.3714039,1480000000,840972,1839614,1156320,153.658
Asset-to-asset,Gurobi.Optimizer,Barrier,35040,10284,66.6040813,1890000000,1121292,2452814,1541760,162.5320001
Asset-to-asset,Gurobi.Optimizer,Barrier,35040,4974,60.0903491,1890000000,1121292,2452814,1541760,121.526
Asset-to-asset,Gurobi.Optimizer,Barrier,35040,49350,60.3769455,1890000000,1121292,2452814,1541760,137.2650001
Asset-to-asset,Gurobi.Optimizer,Barrier,35040,80866,61.4334949,1890000000,1121292,2452814,1541760,133.8909998
Asset-to-asset,Gurobi.Optimizer,Barrier,35040,4243,61.5289705,1890000000,1121292,2452814,1541760,112.776
Asset-to-asset,Gurobi.Optimizer,Barrier,35040,18929,61.5458609,1890000000,1121292,2452814,1541760,119.9369998
Asset-to-asset,Gurobi.Optimizer,Barrier,35040,90445,61.36505,1890000000,1121292,2452814,1541760,139.2460001
Asset-to-asset,Gurobi.Optimizer,Barrier,35040,2123,61.7622264,1890000000,1121292,2452814,1541760,132.5320001
Asset-to-asset,Gurobi.Optimizer,Barrier,35040,57156,61.6430682,1890000000,1121292,2452814,1541760,142.05
Asset-to-asset,Gurobi.Optimizer,Barrier,35040,15377,61.5570366,1890000000,1121292,2452814,1541760,122.7909999
Nodes-1flow,Gurobi.Optimizer,Barrier,672,10284,0.550681,248000000,24876,55790,37632,0.389999866
Nodes-1flow,Gurobi.Optimizer,Barrier,672,4974,0.4899602,248000000,24876,55790,37632,0.406000137
Nodes-1flow,Gurobi.Optimizer,Barrier,672,49350,0.474426,248000000,24876,55790,37632,0.405999899
Nodes-1flow,Gurobi.Optimizer,Barrier,672,80866,0.843307,248000000,24876,55790,37632,0.421999931
Nodes-1flow,Gurobi.Optimizer,Barrier,672,4243,0.7890637,248000000,24876,55790,37632,0.391000032
Nodes-1flow,Gurobi.Optimizer,Barrier,672,18929,0.4936555,248000000,24876,55790,37632,0.375
Nodes-1flow,Gurobi.Optimizer,Barrier,672,90445,0.8239474,248000000,24876,55790,37632,0.405999899
Nodes-1flow,Gurobi.Optimizer,Barrier,672,2123,0.4765941,248000000,24876,55790,37632,0.406000137
Nodes-1flow,Gurobi.Optimizer,Barrier,672,57156,0.5382105,248000000,24876,55790,37632,0.406000137
Nodes-1flow,Gurobi.Optimizer,Barrier,672,15377,0.7911434,248000000,24876,55790,37632,0.358999968
Nodes-1flow,Gurobi.Optimizer,Barrier,4380,10284,4.054125,355000000,149196,334670,225792,6.469000101
Nodes-1flow,Gurobi.Optimizer,Barrier,4380,4974,4.4776176,355000000,149196,334670,225792,6.171999931
Nodes-1flow,Gurobi.Optimizer,Barrier,4380,49350,4.1913573,355000000,149196,334670,225792,25.5630002
Nodes-1flow,Gurobi.Optimizer,Barrier,4380,80866,4.3733879,355000000,149196,334670,225792,6.17200017
Nodes-1flow,Gurobi.Optimizer,Barrier,4380,4243,3.4290607,355000000,149196,334670,225792,6.375
Nodes-1flow,Gurobi.Optimizer,Barrier,4380,18929,4.4481529,355000000,149196,334670,225792,25.18700004
Nodes-1flow,Gurobi.Optimizer,Barrier,4380,90445,4.347335,355000000,149196,334670,225792,6.141000032
Nodes-1flow,Gurobi.Optimizer,Barrier,4380,2123,3.9489903,355000000,149196,334670,225792,6.342999935
Nodes-1flow,Gurobi.Optimizer,Barrier,4380,57156,4.2995759,355000000,149196,334670,225792,19.48399997
Nodes-1flow,Gurobi.Optimizer,Barrier,4380,15377,3.9774614,355000000,149196,334670,225792,6.031000137
Nodes-1flow,Gurobi.Optimizer,Barrier,8760,10284,9.4310731,610000000,324132,727094,490560,24.03200006
Nodes-1flow,Gurobi.Optimizer,Barrier,8760,4974,8.1882599,610000000,324132,727094,490560,22.67200017
Nodes-1flow,Gurobi.Optimizer,Barrier,8760,49350,8.5341447,610000000,324132,727094,490560,21.2809999
Nodes-1flow,Gurobi.Optimizer,Barrier,8760,80866,8.5360946,610000000,324132,727094,490560,21.5309999
Nodes-1flow,Gurobi.Optimizer,Barrier,8760,4243,8.7053409,610000000,324132,727094,490560,44.86899996
Nodes-1flow,Gurobi.Optimizer,Barrier,8760,18929,8.6529825,610000000,324132,727094,490560,25.625
Nodes-1flow,Gurobi.Optimizer,Barrier,8760,90445,8.8255346,610000000,324132,727094,490560,80.85899997
Nodes-1flow,Gurobi.Optimizer,Barrier,8760,2123,9.1504559,610000000,324132,727094,490560,22.32500005
Nodes-1flow,Gurobi.Optimizer,Barrier,8760,57156,8.8069367,610000000,324132,727094,490560,22.17199993
Nodes-1flow,Gurobi.Optimizer,Barrier,8760,15377,9.0898488,610000000,324132,727094,490560,21.52700019
Nodes-1flow,Gurobi.Optimizer,Barrier,17520,10284,18.2599235,1050000000,648252,1454174,981120,185.5730002
Nodes-1flow,Gurobi.Optimizer,Barrier,17520,4974,19.5438141,1050000000,648252,1454174,981120,159.7590001
Nodes-1flow,Gurobi.Optimizer,Barrier,17520,49350,19.2910099,1050000000,648252,1454174,981120,168.375
Nodes-1flow,Gurobi.Optimizer,Barrier,17520,80866,19.7090894,1050000000,648252,1454174,981120,199.0149999
Nodes-1flow,Gurobi.Optimizer,Barrier,17520,4243,19.9383506,1050000000,648252,1454174,981120,207.7059999
Nodes-1flow,Gurobi.Optimizer,Barrier,17520,18929,19.052011,1050000000,648252,1454174,981120,162.9549999
Nodes-1flow,Gurobi.Optimizer,Barrier,17520,90445,18.8882111,1050000000,648252,1454174,981120,120.734
Nodes-1flow,Gurobi.Optimizer,Barrier,17520,2123,19.0338147,1050000000,648252,1454174,981120,171.859
Nodes-1flow,Gurobi.Optimizer,Barrier,17520,57156,18.9519748,1050000000,648252,1454174,981120,166.9690001
Nodes-1flow,Gurobi.Optimizer,Barrier,17520,15377,20.091379,1050000000,648252,1454174,981120,223.875
Nodes-1flow,Gurobi.Optimizer,Barrier,26280,10284,53.7405605,1480000000,972372,2181254,1471680,165.4850001
Nodes-1flow,Gurobi.Optimizer,Barrier,26280,4974,49.3022677,1480000000,972372,2181254,1471680,163.609
Nodes-1flow,Gurobi.Optimizer,Barrier,26280,49350,53.0320373,1480000000,972372,2181254,1471680,139.461
Nodes-1flow,Gurobi.Optimizer,Barrier,26280,80866,53.2071492,1480000000,972372,2181254,1471680,146.766
Nodes-1flow,Gurobi.Optimizer,Barrier,26280,4243,53.3255101,1480000000,972372,2181254,1471680,136.5
Nodes-1flow,Gurobi.Optimizer,Barrier,26280,18929,53.3767322,1480000000,972372,2181254,1471680,155.391
Nodes-1flow,Gurobi.Optimizer,Barrier,26280,90445,53.0825423,1480000000,972372,2181254,1471680,173.2030001
Nodes-1flow,Gurobi.Optimizer,Barrier,26280,2123,53.2578215,1480000000,972372,2181254,1471680,159.0940001
Nodes-1flow,Gurobi.Optimizer,Barrier,26280,57156,54.6704412,1480000000,972372,2181254,1471680,168.0270002
Nodes-1flow,Gurobi.Optimizer,Barrier,26280,15377,55.5975714,1480000000,972372,2181254,1471680,170.016
Nodes-1flow,Gurobi.Optimizer,Barrier,35040,10284,99.4004735,1890000000,1296492,2908334,1962240,116.563
Nodes-1flow,Gurobi.Optimizer,Barrier,35040,4974,96.6545429,1890000000,1296492,2908334,1962240,203.891
Nodes-1flow,Gurobi.Optimizer,Barrier,35040,49350,96.8029395,1890000000,1296492,2908334,1962240,149.7030001
Nodes-1flow,Gurobi.Optimizer,Barrier,35040,80866,96.5384522,1890000000,1296492,2908334,1962240,178.641
Nodes-1flow,Gurobi.Optimizer,Barrier,35040,4243,96.8065827,1890000000,1296492,2908334,1962240,166.1400001
Nodes-1flow,Gurobi.Optimizer,Barrier,35040,18929,96.3076312,1890000000,1296492,2908334,1962240,203.4070001
Nodes-1flow,Gurobi.Optimizer,Barrier,35040,90445,96.2447762,1890000000,1296492,2908334,1962240,113.6559999
Nodes-1flow,Gurobi.Optimizer,Barrier,35040,2123,95.0300373,1890000000,1296492,2908334,1962240,191.3279998
Nodes-1flow,Gurobi.Optimizer,Barrier,35040,57156,97.1550662,1890000000,1296492,2908334,1962240,175.1720002
Nodes-1flow,Gurobi.Optimizer,Barrier,35040,15377,96.0120428,1890000000,1296492,2908334,1962240,202.062
Nodes-2flows,Gurobi.Optimizer,Barrier,672,10284,0.5356383,248000000,28908,63854,45696,0.421999931
Nodes-2flows,Gurobi.Optimizer,Barrier,672,4974,0.9392534,248000000,28908,63854,45696,0.391000032
Nodes-2flows,Gurobi.Optimizer,Barrier,672,49350,0.5834024,248000000,28908,63854,45696,0.437000036
Nodes-2flows,Gurobi.Optimizer,Barrier,672,80866,0.8813995,248000000,28908,63854,45696,0.406000137
Nodes-2flows,Gurobi.Optimizer,Barrier,672,4243,0.5218602,248000000,28908,63854,45696,0.391000032
Nodes-2flows,Gurobi.Optimizer,Barrier,672,18929,0.934006,248000000,28908,63854,45696,0.406000137
Nodes-2flows,Gurobi.Optimizer,Barrier,672,90445,0.5614746,248000000,28908,63854,45696,0.421999931
Nodes-2flows,Gurobi.Optimizer,Barrier,672,2123,0.9133991,248000000,28908,63854,45696,0.421999931
Nodes-2flows,Gurobi.Optimizer,Barrier,672,57156,0.567267,248000000,28908,63854,45696,0.389999866
Nodes-2flows,Gurobi.Optimizer,Barrier,672,15377,0.9041636,248000000,28908,63854,45696,0.389999866
Nodes-2flows,Gurobi.Optimizer,Barrier,4380,10284,4.8023934,355000000,173388,383054,274176,6.437000036
Nodes-2flows,Gurobi.Optimizer,Barrier,4380,4974,4.6155987,355000000,173388,383054,274176,6.110000134
Nodes-2flows,Gurobi.Optimizer,Barrier,4380,49350,5.2200407,355000000,173388,383054,274176,6.155999899
Nodes-2flows,Gurobi.Optimizer,Barrier,4380,80866,4.7058688,355000000,173388,383054,274176,20.26600003
Nodes-2flows,Gurobi.Optimizer,Barrier,4380,4243,4.4469384,355000000,173388,383054,274176,5.907000065
Nodes-2flows,Gurobi.Optimizer,Barrier,4380,18929,4.5607657,355000000,173388,383054,274176,6.530999899
Nodes-2flows,Gurobi.Optimizer,Barrier,4380,90445,4.6605428,355000000,173388,383054,274176,6.20299983
Nodes-2flows,Gurobi.Optimizer,Barrier,4380,2123,4.9346339,355000000,173388,383054,274176,6.281999826
Nodes-2flows,Gurobi.Optimizer,Barrier,4380,57156,4.7112227,355000000,173388,383054,274176,6.516000032
Nodes-2flows,Gurobi.Optimizer,Barrier,4380,15377,4.5826895,355000000,173388,383054,274176,6
Nodes-2flows,Gurobi.Optimizer,Barrier,8760,10284,10.7188965,610000000,376692,832214,595680,21.29699993
Nodes-2flows,Gurobi.Optimizer,Barrier,8760,4974,10.4199464,610000000,376692,832214,595680,53.89099979
Nodes-2flows,Gurobi.Optimizer,Barrier,8760,49350,10.0895233,610000000,376692,832214,595680,19.81299996
Nodes-2flows,Gurobi.Optimizer,Barrier,8760,80866,10.8025594,610000000,376692,832214,595680,22.81200004
Nodes-2flows,Gurobi.Optimizer,Barrier,8760,4243,10.2783746,610000000,376692,832214,595680,24.45300007
Nodes-2flows,Gurobi.Optimizer,Barrier,8760,18929,10.0019096,610000000,376692,832214,595680,155.141
Nodes-2flows,Gurobi.Optimizer,Barrier,8760,90445,10.0331332,610000000,376692,832214,595680,41.51600003
Nodes-2flows,Gurobi.Optimizer,Barrier,8760,2123,11.2103398,610000000,376692,832214,595680,21.3900001
Nodes-2flows,Gurobi.Optimizer,Barrier,8760,57156,10.4280785,610000000,376692,832214,595680,24.42199993
Nodes-2flows,Gurobi.Optimizer,Barrier,8760,15377,9.9346821,610000000,376692,832214,595680,103.6719999
Nodes-2flows,Gurobi.Optimizer,Barrier,17520,10284,21.4852985,1050000000,753372,1664414,1191360,195.6090002
Nodes-2flows,Gurobi.Optimizer,Barrier,17520,4974,21.9213523,1050000000,753372,1664414,1191360,160.938
Nodes-2flows,Gurobi.Optimizer,Barrier,17520,49350,31.3862443,1050000000,753372,1664414,1191360,165.062
Nodes-2flows,Gurobi.Optimizer,Barrier,17520,80866,22.2295826,1050000000,753372,1664414,1191360,158.4689999
Nodes-2flows,Gurobi.Optimizer,Barrier,17520,4243,22.9165258,1050000000,753372,1664414,1191360,170.6569998
Nodes-2flows,Gurobi.Optimizer,Barrier,17520,18929,24.9713782,1050000000,753372,1664414,1191360,154.7190001
Nodes-2flows,Gurobi.Optimizer,Barrier,17520,90445,22.1146302,1050000000,753372,1664414,1191360,175.7969999
Nodes-2flows,Gurobi.Optimizer,Barrier,17520,2123,21.9978099,1050000000,753372,1664414,1191360,178.9219999
Nodes-2flows,Gurobi.Optimizer,Barrier,17520,57156,25.1908863,1050000000,753372,1664414,1191360,147.687
Nodes-2flows,Gurobi.Optimizer,Barrier,17520,15377,24.0332499,1050000000,753372,1664414,1191360,166.8839998
Nodes-2flows,Gurobi.Optimizer,Barrier,26280,10284,70.5838197,1480000000,1130052,2496614,1787040,142.2969999
Nodes-2flows,Gurobi.Optimizer,Barrier,26280,4974,71.6280706,1480000000,1130052,2496614,1787040,163.7810001
Nodes-2flows,Gurobi.Optimizer,Barrier,26280,49350,71.6363225,1480000000,1130052,2496614,1787040,126
Nodes-2flows,Gurobi.Optimizer,Barrier,26280,80866,71.8569518,1480000000,1130052,2496614,1787040,189.4219999
Nodes-2flows,Gurobi.Optimizer,Barrier,26280,4243,71.2967248,1480000000,1130052,2496614,1787040,168.9789999
Nodes-2flows,Gurobi.Optimizer,Barrier,26280,18929,72.1310889,1480000000,1130052,2496614,1787040,183.7970002
Nodes-2flows,Gurobi.Optimizer,Barrier,26280,90445,72.1114476,1480000000,1130052,2496614,1787040,164.0619998
Nodes-2flows,Gurobi.Optimizer,Barrier,26280,2123,71.5136858,1480000000,1130052,2496614,1787040,162.0389998
Nodes-2flows,Gurobi.Optimizer,Barrier,26280,57156,72.184255,1480000000,1130052,2496614,1787040,155.9059999
Nodes-2flows,Gurobi.Optimizer,Barrier,26280,15377,71.2000446,1480000000,1130052,2496614,1787040,152.29
Nodes-2flows,Gurobi.Optimizer,Barrier,35040,10284,115.0587303,1890000000,1506732,3328814,2382720,185.0630002
Nodes-2flows,Gurobi.Optimizer,Barrier,35040,4974,112.7411202,1890000000,1506732,3328814,2382720,185.4220002
Nodes-2flows,Gurobi.Optimizer,Barrier,35040,49350,113.1420252,1890000000,1506732,3328814,2382720,194
Nodes-2flows,Gurobi.Optimizer,Barrier,35040,80866,113.3132173,1890000000,1506732,3328814,2382720,203.5929999
Nodes-2flows,Gurobi.Optimizer,Barrier,35040,4243,112.9782972,1890000000,1506732,3328814,2382720,262.1399999
Nodes-2flows,Gurobi.Optimizer,Barrier,35040,18929,113.8179058,1890000000,1506732,3328814,2382720,182.2029998
Nodes-2flows,Gurobi.Optimizer,Barrier,35040,90445,113.6930751,1890000000,1506732,3328814,2382720,120.875
Nodes-2flows,Gurobi.Optimizer,Barrier,35040,2123,113.7550919,1890000000,1506732,3328814,2382720,195.4219999
Nodes-2flows,Gurobi.Optimizer,Barrier,35040,57156,113.5852129,1890000000,1506732,3328814,2382720,233.5780001
Nodes-2flows,Gurobi.Optimizer,Barrier,35040,15377,114.3970383,1890000000,1506732,3328814,2382720,170.141
